id,firstname,lastname,email,email2,profession
100,Rivalee,Chabot,Rivalee.Chabot@yopmail.com,Rivalee.Chabot@gmail.com,police officer
101,Talya,Cassius,Talya.Cassius@yopmail.com,Talya.Cassius@gmail.com,firefighter
102,Tera,Nerita,Tera.Nerita@yopmail.com,Tera.Nerita@gmail.com,doctor
103,Nananne,Cimbura,Nananne.Cimbura@yopmail.com,Nananne.Cimbura@gmail.com,police officer
104,Imojean,Hepsibah,Imojean.Hepsibah@yopmail.com,Imojean.Hepsibah@gmail.com,police officer
105,Flo,Kat,Flo.Kat@yopmail.com,Flo.Kat@gmail.com,doctor
106,Roxane,Huggins,Roxane.Huggins@yopmail.com,Roxane.Huggins@gmail.com,developer
107,Shaine,Grobe,Shaine.Grobe@yopmail.com,Shaine.Grobe@gmail.com,doctor
108,Leona,Jary,Leona.Jary@yopmail.com,Leona.Jary@gmail.com,doctor
109,Gerrie,Carlson,Gerrie.Carlson@yopmail.com,Gerrie.Carlson@gmail.com,doctor
110,Sabina,Zetta,Sabina.Zetta@yopmail.com,Sabina.Zetta@gmail.com,doctor
111,Tatiania,Vale,Tatiania.Vale@yopmail.com,Tatiania.Vale@gmail.com,developer
112,Taffy,Elephus,Taffy.Elephus@yopmail.com,Taffy.Elephus@gmail.com,worker
113,Keelia,Alrich,Keelia.Alrich@yopmail.com,Keelia.Alrich@gmail.com,worker
114,Sissy,Lutero,Sissy.Lutero@yopmail.com,Sissy.Lutero@gmail.com,doctor
115,Raina,Hirsch,Raina.Hirsch@yopmail.com,Raina.Hirsch@gmail.com,firefighter
116,Myrtice,Ilka,Myrtice.Ilka@yopmail.com,Myrtice.Ilka@gmail.com,worker
117,Selia,Daniele,Selia.Daniele@yopmail.com,Selia.Daniele@gmail.com,worker
118,Amelia,Brittani,Amelia.Brittani@yopmail.com,Amelia.Brittani@gmail.com,worker
119,Ketti,Norvol,Ketti.Norvol@yopmail.com,Ketti.Norvol@gmail.com,developer
120,Silvana,Jillane,Silvana.Jillane@yopmail.com,Silvana.Jillane@gmail.com,police officer
121,Judy,Evvie,Judy.Evvie@yopmail.com,Judy.Evvie@gmail.com,developer
122,Rani,Swigart,Rani.Swigart@yopmail.com,Rani.Swigart@gmail.com,worker
123,Corina,Rossner,Corina.Rossner@yopmail.com,Corina.Rossner@gmail.com,doctor
124,Marline,Hourigan,Marline.Hourigan@yopmail.com,Marline.Hourigan@gmail.com,developer
